'01143744330','houseduane@example.net',10/7/2022,1,Present program thank political. Candidate most degree far.
'01140433702','dsmith@example.org',10/11/2022,9,Your year strong be some thousand energy late. We soldier either sure main sense.
'01111011421','seanpark@example.org',10/14/2022,8,Thousand police pretty generation organization plant. Real never security care quality. Movie fall conference green he energy.
'01020844778','patrickcarpenter@example.com',10/7/2022,5,Officer nearly north though. Capital involve pick less able interesting. Different marriage recently.
'01000344676','umiller@example.com',10/11/2022,3,Run save economy service. Data table hear respond case will.
'01118321817','christinebrown@example.net',10/15/2022,4,Deep pay ok option grow road game. Cover skin new too cold.
'01020844778','jennifer85@example.org',10/11/2022,9,Southern reason wife stay population money call. Building feeling especially others back. Miss surface along floor choice nice mouth. Development debate sometimes heavy research church chair.
'01020844778','marywilliams@example.com',10/11/2022,8,Interesting dog significant option into. International first leave attention animal TV.
'01020844778','campbelldavid@example.com',10/16/2022,2,Last yard hope article month. Chance apply happy choose.
'01020844778','rosalesbarbara@example.com',10/8/2022,2,Home almost campaign guess kind theory wrong analysis. Far whose any coach thought science total.
